{
    "korean_translation": {
        "questions": 0,
        "answers": 0
    },
    "hindi_translation": {
        "questions": {
            "precision": 0.8922529816627502,
            "recall": 0.9032101035118103,
            "f1": 0.8976545929908752
        },
        "answers": {
            "precision": 0.8917436599731445,
            "recall": 0.9037775993347168,
            "f1": 0.8976896405220032
        }
    }
}