{
    "apple - 사과": 0.9932262301445007,
    "computer - 컴퓨터": 0.9984639883041382,
    "love - 사랑": 0.9984413981437683,
    "water - 물": 0.9896562099456787,
    "school - 학교": 0.9890373945236206,
    "woman - 나무": 0.9926097989082336
}